<?xml version="1.0" encoding="UTF-8" standalone="yes"?>
<addon id="plugin.video.ccloud.tv" name="cCloud.tv" version="1.7.5" provider-name="podgod-mod">
  <requires> 
    <import addon="script.renegadestv" optional="true" />
    <import addon="script.ivueguide" optional="true" />
  </requires>
  <extension point="xbmc.python.pluginsource" library="default.py">
    <provides>video</provides>
  </extension>
  <extension point="xbmc.service" library="autostart.py" start="startup">
  </extension>  
  <extension point="xbmc.addon.metadata">
    <summary>All the best from cCloud TV</summary>
    <description>cCloud is an open source cloud based social IPTV service. It is built by the community for the community, where streaming is just a click away. Just click, play and stream yup it's that simple. Just go to http://ccloudtv.org  and enjoy:) Please report any channels that are down here http://www.tiny.cc/reportchs 
    </description>
    <license>http://www.gnu.org/licenses/</license>
    <forum>http://ccloudtv.org/forum</forum>
    <website>http://ccloudtv.org</website>
    <website>http://facebook.com/ccloudapp</website>
    <website>http://twitter.com/ccloudapp</website>
    <email/>
    <platform>all</platform>
  </extension>
</addon>
