<?xml version="1.0" encoding="UTF-8" standalone="yes"?>
<addon id="repository.bacha" name="BacHa Repository" version="1.0.0" provider-name="bacha">
	<extension point="xbmc.addon.repository" name="BacHa Addon Repository">
		<info compressed="false">https://github.com/bac-ha/repository.bacha/raw/master/addons.xml</info>
		<checksum>https://github.com/bac-ha/repository.bacha/raw/master/addons.xml.md5</checksum>
		<datadir zip="true">https://github.com/bac-ha/repository.bacha/raw/master/zips</datadir>
	</extension>
	<extension point="xbmc.addon.metadata">
		<summary>Kodi repository</summary>
		<description>Repository for Kodi</description>
		<platform>all</platform>
	</extension>
</addon>