<?xml version="1.0" encoding="UTF-8" standalone="yes"?>
<addon id="plugin.video.ccloud.tv" name="VietcCloud" version="2.0.3" provider-name="vietccloud">
	<requires> 
	</requires>
	<extension point="xbmc.python.pluginsource" library="default.py">
		<provides>video</provides>
	</extension>
	<extension point="xbmc.service" library="autostart.py" start="startup">
	</extension>  
	<extension point="xbmc.addon.metadata">
		<summary>All the best from VietcCloud.</summary>
		<description>Enjoy the best live tv and shows from various sources.</description>
		<platform>all</platform>
	</extension>
</addon>