<?xml version="1.0" encoding="UTF-8" standalone="yes"?>
<addon id="plugin.video.netvideos"
       name="*netvideos"
       version="1.0.8"
       provider-name="DaveLN">
  <requires>
  </requires>
  <extension point="xbmc.python.pluginsource"
            library="default.py">
        <provides>video</provides>
  </extension>
  <extension point="xbmc.addon.metadata">
    <summary>TV</summary>
    <description>Watch videos from different sources</description>
	<disclaimer lang="en">
[COLOR lime]The streaming media are found via website(s).
[COLOR red]These streams do not represent my views or opinions in any way.[/COLOR]</disclaimer>
    <platform>all</platform>
		<license>http://www.gnu.org/licenses/</license>
		<forum></forum>
		<website>http://www.dnrtv.org.vn/</website>
		<website></website>    
		<email></email>
		<source>https://github.com/daveln/repository.daveln</source>  
  </extension>
</addon>