<?xml version="1.0" encoding="UTF-8" standalone="yes"?>
	<addon id="plugin.video.beegcom" name="beeg (XXX)" version="1.0.2" provider-name="MisterX">
		<requires>
			<import addon="xbmc.python" version="2.1.0"/>
		</requires>
		<extension point="xbmc.python.pluginsource" library="Default.py">
			<provides>video</provides>
		</extension>
		<extension point="xbmc.addon.metadata">
			<summary lang="en">Long Quality Porn Videos from 8-40 Minutes Long</summary>
			<description lang="en">Long Quality Porn Videos from 8-40 Minutes Long</description>
			<disclaimer>Adults Only! 18+</disclaimer>
			<license>GPL 3.0</license>
			<platform>all</platform>
			<forum>http://www.adultxbmc.com</forum>
                <website>http://www.adultxbmc.com</website>
		</extension>
	</addon>
