<?xml version="1.0" encoding="UTF-8" standalone="yes"?>
<addon id="plugin.video.xhamster"
	   name="Xhamster"
	   version="1.0.3"
	   provider-name="pcd">
  <extension point="xbmc.python.pluginsource"
			 library="default.py">
    	<provides>video</provides>
  </extension>
  <extension point="xbmc.addon.metadata">
    <summary>Adult(18+) videos from Xhamster.com</summary>
    <description>Adult(18+) videos from Xhamster.com</description>
    <platform>all</platform>
  </extension>
</addon>




